{
  "mahacities": [
    "Ahilyanagar",
    "Akola",
    "Amravati",
    "Aurangabad",
    "Beed",
    "Bhandara",
    "Buldhana",
    "Chandrapur",
    "Dhule",
    "Gadchiroli",
    "Gondia",
    "Hingoli",
    "Jalgaon",
    "Jalna",
    "Kolhapur",
    "Latur",
    "Mumbai",
    "Nagpur",
    "Nanded",
    "Nandurbar",
    "Nashik",
    "Osmanabad",
    "Palghar",
    "Parbhani",
    "Pune",
    "Raigad",
    "Ratnagiri",
    "Sangli",
    "Satara",
    "Solapur",
    "Thane",
    "Wardha",
    "Washim",
    "Yavatmal"
  ],
  "andra cities": [
    "Adoni",
    "Amalapuram",
    "Anakapalle",
    "Anantapur",
    "Atmakur",
    "Bapatla",
    "Bheemunipatnam",
    "Bhimavaram",
    "Bobbili",
    "Chilakaluripet",
    "Chirala",
    "Chittoor",
    "Dhone",
    "Dharmavaram",
    "Elamanchili",
    "Eluru",
    "Gudivada",
    "Gudur",
    "Guntakal",
    "Guntur",
    "Hindupur",
    "Ichchapuram",
    "Jangareddygudem",
    "Kadiri",
    "Kakinada",
    "Kanigiri",
    "Kavali",
    "Kothapeta",
    "Kurnool",
    "Machilipatnam",
    "Madanapalle",
    "Mangalagiri-Tadepalli",
    "Maredumilli",
    "Markapur",
    "Nandigama",
    "Nandyal",
    "Narasaraopet",
    "Narsipatnam",
    "Nellore",
    "Ongole",
    "Paderu",
    "Palakonda",
    "Palasa-Kasibugga",
    "Palamaner",
    "Parchur",
    "Parvathipuram",
    "Peddapuram",
    "Pileru",
    "Pithapuram",
    "Puttur",
    "Rajamahendravaram",
    "Rampachodavaram",
    "Rayachoti",
    "Renigunta",
    "Salur",
    "Samalkot",
    "Sattenapalli",
    "Srikakulam",
    "Srikalahasti",
    "Tadepalligudem",
    "Tadipatri",
    "Tanuku",
    "Tenali",
    "Tirupati",
    "Tiruvuru",
    "Vijayawada",
    "Visakhapatnam",
    "Vizianagaram",
    "Yemmiganur"
  ],
  "punjab cities": [
    "Amritsar",
    "Bathinda",
    "Faridkot",
    "Firozpur",
    "Gurdaspur",
    "Hoshiarpur",
    "Jalandhar",
    "Kapurthala",
    "Ludhiana",
    "Mansa",
    "Moga",
    "Patiala",
    "Pathankot",
    "Rupnagar",
    "Sahibzada Ajit Singh Nagar",
    "Sangrur",
    "Shahid Bhagat Singh Nagar",
    "Sri Muktsar Sahib",
    "Tarn Taran"
  ],
  "karnataka cities": [
    "Bagalkote",
    "Ballari",
    "Bangalore Rural",
    "Belagavi",
    "Bengaluru",
    "Bidar",
    "Bijapur",
    "Chamarajanagar",
    "Chikkaballapur",
    "Chikkamagaluru",
    "Chitradurga",
    "Dakshina Kannada",
    "Davanagere",
    "Dharwad",
    "Gadag",
    "Hassan",
    "Haveri",
    "Kalaburagi",
    "Kodagu",
    "Kolar",
    "Koppal",
    "Mandya",
    "Mysuru",
    "Raichur",
    "Ramanagara",
    "Shivamogga",
    "Tumakuru",
    "Udupi",
    "Uttara Kannada",
    "Vijayanagara",
    "Yadgir"
  ],
  "kerala cities": [
    "Alappuzha",
    "Ernakulam",
    "Idukki",
    "Kannur",
    "Kasaragod",
    "Kollam",
    "Kottayam",
    "Kozhikode",
    "Malappuram",
    "Palakkad",
    "Pathanamthitta",
    "Thiruvananthapuram",
    "Thrissur",
    "Wayanad"
  ],
  "tamilnadu cities": [
    "Ariyalur",
    "Chengalpattu",
    "Chennai",
    "Coimbatore",
    "Cuddalore",
    "Dharmapuri",
    "Dindigul",
    "Erode",
    "Kanchipuram",
    "Kanyakumari",
    "Karur",
    "Krishnagiri",
    "Madurai",
    "Mayiladuthurai",
    "Nagapattinam",
    "Namakkal",
    "Perambalur",
    "Pudukkottai",
    "Ramanathapuram",
    "Ranipet",
    "Salem",
    "Sivaganga",
    "Tenkasi",
    "Thanjavur",
    "Theni",
    "Tiruchirappalli",
    "Tirunelveli",
    "Tirupattur",
    "Tiruppur",
    "Tiruvannamalai",
    "Tiruvarur",
    "Trichy",
    "Tuticorin",
    "Vellore",
    "Virudhunagar"
  ],
  "telangana cities": [
    "Adilabad",
    "Bhadradri Kothagudem",
    "Hanamkonda",
    "Hyderabad",
    "Jagtial",
    "Jangaon",
    "Jayashankar Bhupalpally",
    "Jogulamba Gadwal",
    "Kamareddy",
    "Karimnagar",
    "Khammam",
    "Komaram Bheem Asifabad",
    "Mahabubabad",
    "Mahabubnagar",
    "Mancherial",
    "Medak",
    "Medchal Malkajgiri",
    "Mulugu",
    "Nagarkurnool",
    "Nalgonda",
    "Narayanpet",
    "Nirmal",
    "Peddapalli",
    "Pochampally",
    "Rajanna Sircilla",
    "Rangareddy",
    "Sangareddy",
    "Siddipet",
    "Sircilla",
    "Suryapet",
    "Tekulapally",
    "Thungathurthi",
    "Tirmalgiri",
    "Vemulawada",
    "Vikarabad",
    "Wanaparthy",
    "Warangal",
    "Wardhannapet",
    "Yadadri Bhuvanagiri",
    "Zahirabad"
  ],
  "crops": [
    "Rice",
    "Wheat",
    "Cotton",
    "Sugarcane",
    "Pulses",
    "Soybeans",
    "Maize",
    "Groundnut",
    "Millets",
    "Barley",
    "Rapeseed and Mustard",
    "Tobacco",
    "Tea",
    "Coffee",
    "Jute",
    "Potato",
    "Onion",
    "Banana"
  ]
}